Prefecture,City,Population,Area,Density,Founded
Aichi,Nagoya,"22,39,464",326.45,"6,860",1889-10-01
Aichi,Toyohashi,"3,77,045",261.35,"1,443",01-08-1906
Aichi,Okazaki,"3,71,380",387.24,959,01-07-1916
Aichi,Ichinomiya,"3,75,939",113.91,"3,300",01-09-1921
Aichi,Seto,"1,32,311",111.61,"1,185",01-10-1929
Aichi,Handa,"1,17,927",47.24,"2,496",01-10-1937
Aichi,Kasugai,"3,00,713",92.71,"3,244",01-06-1943
Aichi,Toyokawa,"1,61,595",150.71,"1,072",01-06-1943
Aichi,"Tsushima, Aichi","65,646",25.08,"2,617",01-03-1947
Aichi,Hekinan,"73,024",35.86,"2,036",05-04-1948
Aichi,Kariya,"1,45,117",50.45,"2,876",01-04-1950
Aichi,Toyota,"4,20,286",918.47,458,01-03-1951
Aichi,AnjoAnjo,"1,76,046",86.01,"2,047",05-05-1952
Aichi,Nishio,"1,06,643",75.78,"1,407",15-12-1953
Aichi,GamagoriGamagori,"82,264",56.81,"1,448",01-04-1954
Aichi,Inuyama,"75,304",74.97,"1,004",01-04-1954
Aichi,Tokoname,"52,837",55.63,950,01-04-1954
Aichi,"KonanKonan, Aichi","1,00,064",30.17,"3,317",01-06-1954
Aichi,Komaki,"1,49,060",62.82,"2,373",01-01-1955
Aichi,Inazawa,"1,37,475",79.3,"1,734",01-11-1958
Aichi,TokaiTokai,"1,06,708",43.36,"2,461",01-04-1969
Aichi,ObuObu,"83,097",33.68,"2,467",01-09-1970
Aichi,Chita,"84,782",45.43,"1,866",01-09-1970
Aichi,ChiryuChiryu,"68,216",16.34,"4,175",01-12-1970
Aichi,Owariasahi,"79,197",21.03,"3,766",01-12-1970
Aichi,Takahama,"43,467",13,"3,344",01-12-1970
Aichi,Iwakura,"48,042",10.49,"4,580",01-12-1971
Aichi,Toyoake,"69,124",23.18,"2,982",01-08-1972
Aichi,Nisshin,"80,921",34.9,"2,319",01-10-1994
Aichi,Tahara,"66,698",188.81,353,20-08-2003
Aichi,Aisai,"65,481",66.63,983,01-04-2005
Aichi,Kiyosu,"56,635",13.31,"4,255",07-07-2005
Aichi,Shinshiro,"51,326",499,103,01-10-2005
Aichi,Kitanagoya,"80,112",18.37,"4,361",20-03-2006
Aichi,Yatomi,"43,145",48.92,882,01-04-2006
Aichi,Miyoshi,-,32.11,-,04-01-2010
Aichi,Ama,-,27.59,-,22-03-2010
Akita,Akita,"3,29,287",905.67,364,1889-04-01
Akita,OdateOdate,"80,587",913.7,88.2,01-04-1951
Akita,Kazuno,"35,543",707.34,50.2,01-04-1972
Akita,Daisen,"91,143",866.67,105,22-03-2005
Akita,Katagami,"35,460",97.96,362,22-03-2005
Akita,Kitaakita,"38,543","1,152.57",33.4,22-03-2005
Akita,Oga,"34,194",240.8,142,22-03-2005
Akita,YurihonjoYurihonjo,"87,525","1,209.04",72.4,22-03-2005
Akita,Yuzawa,"53,588",790.72,67.8,22-03-2005
Akita,Semboku,"30,885","1,093.64",28.2,20-09-2005
Akita,Yokote,"1,01,234",693.6,146,01-10-2005
Akita,Nikaho,"28,422",240.61,118,01-10-2005
Akita,Noshiro,"61,295",426.74,144,21-03-2006
Aomori,Hachinohe,"2,41,613",305.17,792,01-05-1929
Aomori,Kuroishi,"37,585",216.96,173,01-07-1954
Aomori,Misawa,"42,535",119.97,355,01-09-1958
Aomori,Mutsu,"62,220",863.79,72,01-09-1959
Aomori,Towada,"66,834",688.6,97.1,01-01-2005
Aomori,Tsugaru,"38,919",253.85,153,11-02-2005
Aomori,Goshogawara,"60,788",404.58,150,28-03-2005
Aomori,Aomori,"3,05,884",824.52,371,01-04-2005
Aomori,Hirakawa,"34,638",345.81,100,01-01-2006
Aomori,Hirosaki,"1,85,865",523.6,355,27-02-2006
Chiba,Chiba,"9,38,695",272.08,"3,450",01-01-1921
Chiba,ChoshiChoshi,"72,348",83.91,862,11-02-1933
Chiba,Ichikawa,"4,70,149",57.4,"8,191",03-11-1934
Chiba,Funabashi,"5,86,762",85.64,"6,851",01-04-1937
Chiba,Tateyama,"49,987",110.21,454,03-11-1939
Chiba,Kisarazu,"1,23,743",138.73,892,03-11-1942
Chiba,Matsudo,"4,77,603",61.33,"7,787",01-04-1943
Chiba,Noda,"1,53,422",103.54,"1,482",03-05-1950
Chiba,Mobara,"93,032",100.01,930,01-04-1952
Chiba,Narita,"1,24,773",213.84,583,31-03-1954
Chiba,"Sakura, Chiba","1,71,472",103.59,"1,655",31-03-1954
Chiba,ToganeTogane,"61,591",89.34,689,01-04-1954
Chiba,Narashino,"1,59,758",20.99,"7,611",01-08-1954
Chiba,Kashiwa,"3,89,036",114.9,"3,386",01-09-1954
Chiba,Katsuura,"21,413",94.2,227,01-10-1958
Chiba,Ichihara,"2,79,591",368.2,759,01-05-1963
Chiba,Nagareyama,"1,56,686",35.28,"4,441",01-01-1967
Chiba,Yachiyo,"1,84,655",51.27,"3,602",01-01-1967
Chiba,Abiko,"1,33,533",43.19,"3,092",01-07-1970
Chiba,Kamagaya,"1,04,564",21.11,"4,953",01-09-1971
Chiba,Kimitsu,"89,350",318.83,280,01-09-1971
Chiba,Futtsu,"48,973",205.35,238,01-09-1971
Chiba,Urayasu,"1,59,312",17.29,"9,214",01-04-1981
Chiba,YotsukaidoYotsukaido,"85,738",34.7,"2,471",01-04-1981
Chiba,Sodegaura,"59,443",94.92,626,01-04-1991
Chiba,Yachimata,"75,369",74.87,"1,007",01-04-1992
Chiba,Inzai,"60,280",53.51,"1,127",01-04-1996
Chiba,Shiroi,"57,151",35.41,"1,614",01-04-2001
Chiba,Tomisato,"51,590",53.91,957,01-04-2002
Chiba,Kamogawa,"35,792",191.3,187,11-02-2005
Chiba,Asahi,"69,971",129.91,539,01-07-2005
Chiba,Isumi,"41,605",157.5,264,05-12-2005
Chiba,SosaSosa,"41,361",101.78,406,23-01-2006
Chiba,MinamibosoMinamiboso,"43,553",230.22,189,20-03-2006
Chiba,Katori,"85,193",262.31,325,27-03-2006
Chiba,Sanmu,"57,806",146.38,395,27-03-2006
Ehime,Matsuyama,"5,15,068",429.03,"1,201",1889-12-15
Ehime,Niihama,"1,23,329",234.3,526,03-11-1937
Ehime,ShikokuchuoShikokuchuo,"91,688",420.1,218,01-04-2004
Ehime,Seiyo,"43,476",514.79,84.5,01-04-2004
Ehime,ToonToon,"35,517",211.45,168,21-09-2004
Ehime,SaijoSaijo,"1,12,543",509.05,221,01-11-2004
Ehime,OzuOzu,"49,543",432.2,115,11-01-2005
Ehime,Imabari,"1,70,986",419.85,407,16-01-2005
Ehime,Yawatahama,"40,010",132.98,301,28-03-2005
Ehime,Iyo,"38,890",194.47,200,01-04-2005
Ehime,Uwajima,"86,819",469.52,185,01-08-2005
Fukui,Fukui,"2,68,574",536.17,501,1889-04-01
Fukui,Tsuruga,"68,188",250.75,272,01-04-1937
Fukui,Obama,"31,486",232.86,135,30-03-1951
Fukui,"OnoOno, Fukui","36,763",872.3,42.1,01-07-1954
Fukui,Katsuyama,"26,333",253.68,104,01-09-1954
Fukui,Sabae,"67,430",84.75,796,15-01-1955
Fukui,Awara,"30,765",116.99,263,01-03-2004
Fukui,Echizen,"87,116",230.75,378,01-10-2005
Fukui,"Sakai, Fukui","92,420",209.91,440,20-03-2006
Fukuoka,Fukuoka,"14,30,371",340.96,"4,195",1889-04-01
Fukuoka,Kurume,"3,05,147",229.84,"1,328",1889-04-01
Fukuoka,OmutaOmuta,"1,27,474",81.55,"1,563",01-03-1917
Fukuoka,NogataNogata,"57,319",61.78,928,01-01-1931
Fukuoka,Tagawa,"50,484",54.52,926,03-11-1943
Fukuoka,Yanagawa,"72,798",76.9,947,01-04-1952
Fukuoka,Yame,"42,241",98.66,428,01-04-1954
Fukuoka,Chikugo,"48,281",41.85,"1,154",01-04-1954
Fukuoka,OkawaOkawa,"38,266",33.61,"1,139",01-04-1954
Fukuoka,Yukuhashi,"70,064",69.83,"1,003",10-10-1954
Fukuoka,Buzen,"27,578",111.17,248,10-04-1955
Fukuoka,Nakama,"45,549",15.98,"2,850",01-11-1958
Fukuoka,KitakyushuKitakyushu,"9,86,998",487.71,"2,024",10-02-1963
Fukuoka,OgoriOgori,"58,460",45.5,"1,285",01-04-1972
Fukuoka,Chikushino,"98,914",87.78,"1,127",01-04-1972
Fukuoka,Kasuga,"1,07,845",14.15,"7,622",01-04-1972
Fukuoka,OnojoOnojo,"94,037",26.88,"3,498",01-04-1972
Fukuoka,Munakata,"94,877",119.66,793,01-04-1981
Fukuoka,Dazaifu,"68,561",29.58,"2,318",01-04-1982
Fukuoka,"Koga, Fukuoka","57,084",42.11,"1,356",01-10-1997
Fukuoka,Fukutsu,"55,123",52.7,"1,046",24-01-2005
Fukuoka,Ukiha,"32,277",117.55,275,20-03-2005
Fukuoka,Miyawaka,"30,793",139.99,220,11-02-2006
Fukuoka,Asakura,"57,881",246.73,235,20-03-2006
Fukuoka,Iizuka,"1,32,208",214.13,617,26-03-2006
Fukuoka,Kama,"44,431",135.18,329,27-03-2006
Fukuoka,Miyama,"42,219",105.12,402,29-01-2007
Fukuoka,Itoshima,-,216.12,-,01-01-2010
Fukushima,Aizuwakamatsu,"1,29,388",383.03,338,1899-04-01
Fukushima,Fukushima,"2,89,355",746.43,388,01-04-1907
Fukushima,KoriyamaKoriyama,"3,39,395",757.06,448,01-09-1924
Fukushima,Sukagawa,"80,336",279.55,287,31-03-1954
Fukushima,SomaSoma,"38,543",197.67,195,31-03-1954
Fukushima,Iwaki,"3,49,947","1,231.34",284,01-10-1966
Fukushima,Tamura,"42,221",458.3,92.1,01-03-2005
Fukushima,Shirakawa,"65,665",305.3,215,07-11-2005
Fukushima,Nihonmatsu,"61,698",344.65,179,01-12-2005
Fukushima,MinamisomaMinamisoma,"71,761",398.5,180,01-01-2006
Fukushima,"Date, Fukushima","67,487",265.1,255,01-01-2006
Fukushima,Kitakata,"54,684",554.67,98.6,04-01-2006
Fukushima,Motomiya,"31,737",87.94,361,01-01-2007
Gifu,Gifu,"4,12,779",202.89,"2,034",1889-07-01
Gifu,OgakiOgaki,"1,63,047",206.52,789,01-04-1918
Gifu,Takayama,"94,879","2,177.67",43.6,01-11-1936
Gifu,Tajimi,"1,14,866",91.24,"1,259",01-08-1940
Gifu,Seki,"92,896",472.84,196,15-10-1950
Gifu,Nakatsugawa,"83,116",676.38,123,01-04-1952
Gifu,"Mino, Gifu","22,912",117.05,196,01-04-1954
Gifu,Mizunami,"41,556",175,237,01-04-1954
Gifu,Hashima,"67,167",53.64,"1,252",01-04-1954
Gifu,Minokamo,"53,988",74.81,722,01-04-1954
Gifu,Toki,"61,393",116.01,529,01-02-1955
Gifu,Kakamigahara,"1,45,126",87.77,"1,653",01-04-1963
Gifu,Kani,"99,318",87.6,"1,134",01-04-1982
Gifu,"Yamagata, Gifu","29,857",222.04,134,01-04-2003
Gifu,Mizuho,"51,230",28.18,"1,818",01-05-2003
Gifu,Hida,"28,112",792.31,35.5,01-02-2004
Gifu,Motosu,"34,729",374.57,92.7,01-02-2004
Gifu,GujoGujo,"46,338","1,030.79",45,01-03-2004
Gifu,Gero,"37,455",851.06,44,01-03-2004
Gifu,Ena,"54,844",504.19,109,25-10-2004
Gifu,Kaizu,"38,532",112.31,343,28-03-2005
Gunma,Maebashi,"3,18,058",241.22,"1,319",1892-04-01
Gunma,Takasaki,"3,41,838",401.01,852,01-04-1900
Gunma,KiryuKiryu,"1,24,892",274.57,455,01-03-1921
Gunma,Isesaki,"2,04,240",139.33,"1,466",13-09-1940
Gunma,OtaOta,"2,14,049",176.49,"1,213",03-05-1948
Gunma,Numata,"52,319",443.37,118,01-04-1954
Gunma,Tatebayashi,"79,023",60.98,"1,296",01-04-1954
Gunma,Fujioka,"68,710",180.09,382,01-04-1954
Gunma,Shibukawa,"86,134",240.42,358,20-02-2006
Gunma,Annaka,"62,270",276.34,225,18-03-2006
Gunma,Tomioka,"53,332",122.9,434,27-03-2006
Gunma,Midori,"51,964",208.23,250,27-03-2006
Hiroshima,Hiroshima,"11,63,806",905.13,"1,286",1889-04-01
Hiroshima,Onomichi,"1,48,085",284.85,520,1898-04-01
Hiroshima,Kure,"2,46,118",353.74,696,01-10-1902
Hiroshima,Fukuyama,"4,61,368",518.07,891,01-07-1916
Hiroshima,Mihara,"1,03,209",471.03,219,15-11-1936
Hiroshima,"FuchuFuchu, Hiroshima","44,212",195.71,226,31-03-1954
Hiroshima,"Miyoshi, Hiroshima","58,264",778.19,74.9,31-03-1954
Hiroshima,ShobaraShobara,"41,747","1,246.60",33.5,31-03-1954
Hiroshima,OtakeOtake,"29,665",78.55,378,01-09-1954
Hiroshima,Takehara,"29,803",118.3,252,03-11-1958
Hiroshima,Higashihiroshima,"1,87,711",635.32,295,20-04-1974
Hiroshima,Hatsukaichi,"1,15,184",489.36,235,01-04-1988
Hiroshima,Akitakata,"32,323",537.79,60.1,01-03-2004
Hiroshima,Etajima,"28,601",100.97,283,01-11-2004
Hokkaido,Sapporo,"19,04,319","1,121.12","1,699",01-08-1922
Hokkaido,Hakodate,"2,77,056",677.89,409,01-08-1922
Hokkaido,Otaru,"1,30,255",243.3,535,01-08-1922
Hokkaido,Asahikawa,"3,50,511",747.6,469,01-08-1922
Hokkaido,Muroran,"93,078",80.65,"1,154",01-08-1922
Hokkaido,Obihiro,"1,68,188",618.94,272,01-04-1933
Hokkaido,YubariYubari,"10,471",763.2,13.7,01-04-1943
Hokkaido,Iwamizawa,"89,023",481.1,185,01-04-1943
Hokkaido,Abashiri,"38,548",471,81.8,11-02-1947
Hokkaido,Rumoi,"24,036",297.44,80.8,01-10-1947
Hokkaido,Tomakomai,"1,73,761",561.49,309,01-04-1948
Hokkaido,Wakkanai,"37,911",760.83,49.8,01-04-1949
Hokkaido,Bibai,"25,312",277.61,91.2,01-04-1950
Hokkaido,Ashibetsu,"16,465",865.02,19,01-04-1953
Hokkaido,Ebetsu,"1,20,940",187.57,645,01-07-1954
Hokkaido,Akabira,"12,234",129.88,94.2,01-07-1954
Hokkaido,Monbetsu,"24,293",830.7,29.2,01-07-1954
Hokkaido,Mikasa,"10,070",302.64,33.3,01-04-1957
Hokkaido,Nemuro,"28,923",512.63,56.4,01-08-1957
Hokkaido,Chitose,"94,124",594.95,158,01-07-1958
Hokkaido,Takikawa,"42,815",115.82,370,01-07-1958
Hokkaido,Sunagawa,"18,740",78.69,238,01-07-1958
Hokkaido,Utashinai,"4,259",55.99,76.1,01-07-1958
Hokkaido,Fukagawa,"23,215",529.23,43.9,01-05-1963
Hokkaido,Furano,"23,890",600.97,39.8,01-05-1966
Hokkaido,Noboribetsu,"51,474",212.11,243,01-08-1970
Hokkaido,Eniwa,"68,754",294.87,233,01-11-1970
Hokkaido,"Date, Hokkaido","36,461",444.28,82.1,01-04-1972
Hokkaido,Kitahiroshima,"60,291",118.54,509,01-09-1996
Hokkaido,Ishikari,"60,616",721.86,84,01-09-1996
Hokkaido,Shibetsu,"21,640","1,119.29",19.3,01-09-2005
Hokkaido,Kushiro,"1,82,263","1,362.75",134,11-10-2005
Hokkaido,"Hokuto, Hokkaido","48,779",397.3,123,01-02-2006
Hokkaido,Kitami,"1,24,291","1,427.56",87.1,05-03-2006
Hokkaido,Nayoro,"29,869",535.23,55.8,27-03-2006
Hyogo,Kobe,"15,30,847",552.23,"2,772",1889-04-01
Hyogo,Himeji,"5,36,170",534.27,"1,004",1889-04-01
Hyogo,Amagasaki,"4,61,202",49.77,"9,267",01-04-1916
Hyogo,Akashi,"2,92,162",49.24,"5,933",01-11-1919
Hyogo,Nishinomiya,"4,77,056",99.96,"4,772",01-04-1925
Hyogo,Ashiya,"92,828",18.47,"5,026",10-11-1940
Hyogo,Itami,"1,94,488",24.97,"7,789",10-11-1940
Hyogo,Aioi,"31,973",90.45,353,01-10-1942
Hyogo,Toyooka,"87,555",697.66,125,01-04-1950
Hyogo,Kakogawa,"2,67,631",138.51,"1,932",15-06-1950
Hyogo,AkoAko,"51,277",126.88,404,01-09-1951
Hyogo,Takarazuka,"2,22,071",101.8,"2,181",01-04-1954
Hyogo,Miki,"83,244",176.58,471,01-06-1954
Hyogo,Takasago,"94,198",34.4,"2,738",01-07-1954
Hyogo,Kawanishi,"1,57,461",53.44,"2,947",01-08-1954
Hyogo,"Ono, Hyogo","49,664",92.92,534,01-12-1954
Hyogo,Sanda,"1,13,600",210.22,540,01-07-1958
Hyogo,Kasai,"48,435",150.95,321,01-04-1967
Hyogo,Sasayama,"44,345",377.61,117,01-04-1999
Hyogo,Yabu,"27,428",422.78,64.9,01-04-2004
Hyogo,Tamba,"69,233",493.28,140,01-11-2004
Hyogo,Minamiawaji,"51,069",229.18,223,11-01-2005
Hyogo,Asago,"34,084",402.98,84.6,01-04-2005
Hyogo,Awaji,"47,849",184.21,260,01-04-2005
Hyogo,ShisoShiso,"42,302",658.6,64.2,01-04-2005
Hyogo,Nishiwaki,"43,126",132.47,326,01-10-2005
Hyogo,Tatsuno,"80,988",210.93,384,01-10-2005
Hyogo,Sumoto,"48,631",182.47,267,11-02-2006
Hyogo,KatoKato,"39,935",157.49,254,20-03-2006
Ibaraki,Mito,"2,64,062",217.43,"1,214",1889-04-01
Ibaraki,Hitachi,"1,95,844",225.55,868,01-09-1939
Ibaraki,Tsuchiura,"1,43,986",113.82,"1,265",03-11-1940
Ibaraki,YukiYuki,"52,065",65.84,791,15-03-1954
Ibaraki,RyugasakiRyugasaki,"79,295",78.2,"1,014",20-03-1954
Ibaraki,Shimotsuma,"45,918",80.88,568,01-06-1954
Ibaraki,JosoJoso,"65,858",123.52,533,10-07-1954
Ibaraki,HitachiotaHitachiota,"58,461",372.01,157,15-07-1954
Ibaraki,Takahagi,"32,031",193.65,165,23-11-1954
Ibaraki,Kitaibaraki,"48,437",186.55,260,31-03-1956
Ibaraki,Toride,"1,09,953",69.96,"1,572",01-10-1970
Ibaraki,Ushiku,"79,254",58.88,"1,346",01-06-1986
Ibaraki,Tsukuba,"2,07,314",284.07,730,30-11-1987
Ibaraki,Hitachinaka,"1,55,338",99.04,"1,568",01-11-1994
Ibaraki,"Kashima, Ibaraki","65,193",92.96,701,01-09-1995
Ibaraki,Itako,"31,103",62.67,496,01-04-2001
Ibaraki,Moriya,"57,793",35.63,"1,622",02-02-2002
Ibaraki,HitachiomiyaHitachiomiya,"46,729",348.38,134,16-10-2004
Ibaraki,Naka,"54,618",97.8,558,21-01-2005
Ibaraki,BandoBando,"57,128",123.18,464,22-03-2005
Ibaraki,Inashiki,"48,125",178.12,270,22-03-2005
Ibaraki,Chikusei,"1,10,813",205.35,540,28-03-2005
Ibaraki,Kasumigaura,"44,450",118.77,374,28-03-2005
Ibaraki,Kamisu,"93,538",147.24,635,01-08-2005
Ibaraki,Namegata,"39,117",166.33,235,02-09-2005
Ibaraki,"Koga, Ibaraki","1,44,392",123.58,"1,168",12-09-2005
Ibaraki,Ishioka,"80,502",213.38,377,01-10-2005
Ibaraki,Sakuragawa,"47,480",179.78,264,01-10-2005
Ibaraki,Hokota,"50,869",203.9,249,11-10-2005
Ibaraki,Kasama,"80,646",240.27,336,19-03-2006
Ibaraki,Tsukubamirai,"41,957",79.14,530,27-03-2006
Ibaraki,Omitama,"52,834",140.21,377,27-03-2006
Ishikawa,Kanazawa,"4,55,595",467.77,974,1889-04-01
Ishikawa,Nanao,"60,140",317.96,189,20-07-1939
Ishikawa,Komatsu,"1,09,285",371.13,294,01-12-1940
Ishikawa,Suzu,"17,111",247.2,69.2,15-07-1954
Ishikawa,Hakui,"23,963",81.96,292,01-07-1958
Ishikawa,Kahoku,"34,747",64.76,537,01-03-2004
Ishikawa,Hakusan,"1,10,563",755.17,146,01-02-2005
Ishikawa,Nomi,"48,106",83.85,574,01-02-2005
Ishikawa,Kaga,"73,745",306,241,01-10-2005
Ishikawa,Wajima,"31,532",426.25,74,01-02-2006
Iwate,Morioka,"2,99,746",886.47,338,1889-04-01
Iwate,Kamaishi,"41,348",441.42,93.7,05-05-1937
Iwate,OfunatoOfunato,"42,119",323.28,130,01-04-1952
Iwate,Rikuzentakata,"23,961",232.29,103,01-01-1955
Iwate,Kitakami,"94,806",437.55,217,01-04-1991
Iwate,Miyako,"58,342",696.82,83.7,06-06-2005
Iwate,Hachimantai,"29,993",862.25,34.8,01-09-2005
Iwate,Ichinoseki,"1,23,155","1,133.10",109,20-09-2005
Iwate,TonoTono,"30,587",825.62,37,01-10-2005
Iwate,Hanamaki,"1,03,718",908.32,114,01-01-2006
Iwate,Ninohe,"30,685",420.31,73,01-01-2006
Iwate,OshuOshu,"1,28,273",993.35,129,20-02-2006
Iwate,Kuji,"37,824",623.14,60.7,06-03-2006
Iwate,Takizawa,-,182.32,-,01-01-2014
Kagawa,Takamatsu,"4,18,557",375.11,"1,116",1890-02-15
Kagawa,Marugame,"1,10,550",111.79,989,1899-04-01
Kagawa,Sakaide,"56,501",92.46,611,01-07-1942
Kagawa,ZentsujiZentsuji,"35,180",39.88,882,31-03-1954
Kagawa,Sanuki,"54,832",158.9,345,01-04-2002
Kagawa,Higashikagawa,"34,953",153.35,228,01-04-2003
Kagawa,Mitoyo,"69,997",222.66,314,01-01-2006
Kagawa,Kan'onji,"64,020",117.47,545,12-03-2007
Kagoshima,Kagoshima,"6,05,196",547.06,"1,106",1889-04-01
Kagoshima,Kanoya,"1,05,673",448.33,236,27-05-1941
Kagoshima,Makurazaki,"24,400",74.88,326,01-09-1949
Kagoshima,Akune,"24,166",134.3,180,01-04-1952
Kagoshima,"Izumi, Kagoshima","56,851",330.06,172,01-04-1954
Kagoshima,Ibusuki,"45,455",149.01,305,01-04-1954
Kagoshima,Minamisatsuma,"40,386",283.35,143,15-07-1954
Kagoshima,Nishinoomote,"17,666",205.75,85.9,01-10-1958
Kagoshima,Tarumizu,"18,078",162.01,112,01-10-1958
Kagoshima,Satsumasendai,"1,00,730",683.5,147,12-10-2004
Kagoshima,Hioki,"51,472",253.06,203,01-05-2005
Kagoshima,Soo,"41,179",390.39,105,01-07-2005
Kagoshima,Ichikikushikino,"32,079",112.04,286,11-10-2005
Kagoshima,Kirishima,"1,27,726",603.68,212,07-11-2005
Kagoshima,Shibushi,"34,105",289.93,118,01-01-2006
Kagoshima,Amami,"48,116",306.2,157,20-03-2006
Kagoshima,MinamikyushuMinamikyushu,"40,891",357.85,114,01-12-2007
Kagoshima,Isa,-,392.36,-,01-11-2008
Kagoshima,Aira,-,231.32,-,23-03-2010
Kanagawa,Yokohama,"36,31,236",437.38,"8,302",1889-04-01
Kanagawa,Yokosuka,"4,21,397",100.68,"4,186",15-02-1907
Kanagawa,Kawasaki,"13,73,630",142.7,"9,626",01-07-1924
Kanagawa,Hiratsuka,"2,60,419",67.83,"3,839",01-04-1932
Kanagawa,Kamakura,"1,73,588",39.6,"4,384",03-11-1939
Kanagawa,Fujisawa,"4,02,628",69.51,"5,792",01-10-1940
Kanagawa,Odawara,"1,98,841",114.09,"1,743",20-12-1940
Kanagawa,Chigasaki,"2,31,005",35.71,"6,469",01-10-1947
Kanagawa,Zushi,"58,654",17.34,"3,383",15-04-1954
Kanagawa,Sagamihara,"7,06,342",328.84,"2,148",20-11-1954
Kanagawa,Miura,"49,371",32.28,"1,529",01-01-1955
Kanagawa,Hadano,"1,69,201",103.61,"1,633",01-01-1955
Kanagawa,Atsugi,"2,25,163",93.83,"2,400",01-02-1955
Kanagawa,Yamato,"2,23,127",27.06,"8,246",01-02-1959
Kanagawa,Isehara,"1,00,779",55.52,"1,815",01-03-1971
Kanagawa,Ebina,"1,26,035",26.48,"4,760",01-11-1971
Kanagawa,Zama,"1,27,582",17.58,"7,257",01-11-1971
Kanagawa,Minamiashigara,"44,285",76.93,576,01-04-1972
Kanagawa,Ayase,"82,083",22.28,"3,684",01-11-1978
Kochi,KochiKochi,"3,42,944",309.22,"1,109",1889-04-01
Kochi,Sukumo,"23,771",286.11,83.1,31-03-1954
Kochi,Aki,"20,555",317.34,64.8,01-08-1954
Kochi,Tosashimizu,"17,421",266.54,65.4,01-08-1954
Kochi,Susaki,"25,679",135.46,190,01-10-1954
Kochi,Tosa,"29,726",91.59,325,01-01-1959
Kochi,Muroto,"17,683",248.25,71.2,01-03-1959
Kochi,Nankoku,"50,315",125.35,401,01-10-1959
Kochi,Shimanto,"37,182",632.42,58.8,10-04-2005
Kochi,Kami,"29,144",538.22,54.1,01-03-2006
Kochi,"KonanKonan, Kochi","34,084",126.49,269,01-03-2006
Kumamoto,Kumamoto,"6,70,348",267.23,"2,509",1889-04-01
Kumamoto,Yatsushiro,"1,34,491",680.59,198,01-09-1940
Kumamoto,Hitoyoshi,"36,556",210.55,174,11-02-1942
Kumamoto,Arao,"55,505",57.15,971,01-04-1942
Kumamoto,Minamata,"28,123",162.88,173,01-04-1949
Kumamoto,Tamana,"70,747",152.55,464,01-04-1954
Kumamoto,Yamaga,"56,741",299.67,189,01-04-1954
Kumamoto,Kikuchi,"51,471",276.66,186,01-08-1958
Kumamoto,Uto,"37,897",74.19,511,01-10-1958
Kumamoto,Kamiamakusa,"31,051",126.13,246,31-03-2004
Kumamoto,Uki,"62,718",188.56,333,15-01-2005
Kumamoto,Aso,"29,149",376.25,77.5,11-02-2005
Kumamoto,KoshiKoshi,"53,490",53.17,"1,006",27-02-2006
Kumamoto,Amakusa,"93,047",683.17,136,27-03-2006
Kyoto,Kyoto,"14,68,906",827.9,"1,774",1889-04-01
Kyoto,Fukuchiyama,"80,836",552.57,146,01-04-1937
Kyoto,Maizuru,"90,461",342.15,264,27-05-1943
Kyoto,Ayabe,"37,081",347.11,107,01-08-1950
Kyoto,Uji,"1,91,297",67.55,"2,832",01-03-1951
Kyoto,Miyazu,"20,565",169.32,121,01-06-1954
Kyoto,Kameoka,"93,641",224.9,416,01-01-1955
Kyoto,JoyoJoyo,"80,795",32.74,"2,468",03-05-1972
Kyoto,MukoMuko,"55,137",7.67,"7,189",01-10-1972
Kyoto,NagaokakyoNagaokakyo,"79,031",19.18,"4,120",01-10-1972
Kyoto,Yawata,"73,822",24.37,"3,029",01-11-1977
Kyoto,KyotanabeKyotanabe,"65,211",42.94,"1,519",01-04-1997
Kyoto,KyotangoKyotango,"60,980",501.84,122,01-04-2004
Kyoto,Nantan,"35,937",616.31,58.3,01-06-2006
Kyoto,Kizugawa,"66,783",85.12,785,12-03-2007
Mie,Yokkaichi,"3,06,584",205.53,"1,492",1897-08-01
Mie,Matsusaka,"1,69,571",623.82,272,01-02-1933
Mie,Kuwana,"1,40,816",136.61,"1,031",01-04-1937
Mie,Suzuka,"1,97,437",194.67,"1,014",01-12-1942
Mie,Nabari,"81,184",129.76,626,31-03-1954
Mie,Owase,"21,272",193.16,110,20-06-1954
Mie,Kameyama,"50,304",190.91,263,01-10-1954
Mie,Toba,"22,286",107.98,206,01-11-1954
Mie,Inabe,"46,676",219.58,213,01-12-2003
Mie,Shima,"56,758",179.7,316,01-10-2004
Mie,Iga,"99,662",558.17,179,01-11-2004
Mie,Ise,"1,33,547",208.53,640,01-11-2005
Mie,Kumano,"20,477",373.63,54.8,01-11-2005
Mie,Tsu,"2,89,215",710.81,407,01-01-2006
Miyagi,Sendai,"10,29,552",783.54,"1,314",1889-04-01
Miyagi,Ishinomaki,"1,63,840",555.77,295,01-04-1933
Miyagi,Shiogama,"58,057",17.86,"3,251",23-11-1941
Miyagi,Shiroishi,"38,629",286.47,135,01-04-1954
Miyagi,Natori,"69,610",100.06,696,01-10-1958
Miyagi,Kakuda,"32,559",147.58,221,01-10-1958
Miyagi,TagajoTagajo,"63,200",19.65,"3,216",01-11-1971
Miyagi,Iwanuma,"44,595",60.72,734,01-11-1971
Miyagi,Tome,"86,940",536.38,162,01-04-2005
Miyagi,Kurihara,"77,862",804.93,96.7,01-04-2005
Miyagi,Higashimatsushima,"43,238",101.86,424,01-04-2005
Miyagi,Kesennuma,"64,578",226.67,285,31-03-2006
Miyagi,OsakiOsaki,"1,37,164",796.76,172,31-03-2006
Miyazaki,Miyazaki,"3,69,473",596.8,619,01-04-1924
Miyazaki,MiyakonojoMiyakonojo,"1,69,384",653.31,259,01-04-1924
Miyazaki,Nobeoka,"1,32,480",867.97,153,11-02-1933
Miyazaki,Nichinan,"43,264",294.46,147,01-01-1950
Miyazaki,Kobayashi,"40,514",474.23,85.4,01-04-1950
Miyazaki,HyugaHyuga,"63,066",336.29,188,01-04-1951
Miyazaki,Kushima,"21,386",294.96,72.5,03-11-1954
Miyazaki,Saito,"33,290",438.56,75.9,01-11-1958
Miyazaki,Ebino,"22,445",283,79.3,01-12-1970
Nagano,Matsumoto,"2,27,392",919.35,247,01-05-1907
Nagano,Okaya,"53,722",85.14,631,01-04-1936
Nagano,Suwa,"52,671",109.06,483,10-08-1941
Nagano,Suzaka,"53,097",149.84,354,01-04-1954
Nagano,Komoro,"45,333",98.66,459,01-04-1954
Nagano,Komagane,"34,696",165.92,209,01-07-1954
Nagano,OmachiOmachi,"31,276",564.99,55.4,01-07-1954
Nagano,Iiyama,"24,155",202.32,119,01-08-1954
Nagano,Iida,"1,07,129",658.76,163,30-09-1956
Nagano,Chino,"57,363",266.41,215,01-08-1958
Nagano,Shiojiri,"67,781",290.13,234,01-04-1959
Nagano,Nagano,"3,78,204",730.83,517,16-10-1966
Nagano,Chikuma,"63,305",119.84,528,01-09-2003
Nagano,TomiTomi,"31,211",112.3,278,01-04-2004
Nagano,Nakano,"46,295",112.06,413,01-04-2005
Nagano,Saku,"1,00,077",423.99,236,01-04-2005
Nagano,Azumino,"97,084",331.82,293,01-10-2005
Nagano,Ueda,"1,61,887",552,293,06-03-2006
Nagano,Ina,"71,937",667.81,108,31-03-2006
Nagasaki,Nagasaki,"4,48,792",406.37,"1,104",1889-04-01
Nagasaki,Sasebo,"2,54,650",364,700,01-04-1902
Nagasaki,Shimabara,"48,953",82.77,591,01-04-1940
Nagasaki,OmuraOmura,"89,650",126.34,710,11-02-1942
Nagasaki,"Tsushima, Nagasaki","36,347",708.81,51.3,01-03-2004
Nagasaki,Iki,"30,352",138.5,219,01-03-2004
Nagasaki,GotoGoto,"42,447",420.77,101,01-08-2004
Nagasaki,Isahaya,"1,42,635",312.24,457,01-03-2005
Nagasaki,Saikai,"32,737",241.95,135,01-04-2005
Nagasaki,Hirado,"36,785",235.63,156,01-10-2005
Nagasaki,Unzen,"48,701",206.92,235,11-10-2005
Nagasaki,Matsuura,"26,007",130.35,200,01-01-2006
Nagasaki,Minamishimabara,"52,347",169.88,308,31-03-2006
Nara,Nara,"3,67,393",276.84,"1,327",1898-02-01
Nara,Yamatotakada,"69,473",16.49,"4,213",01-01-1948
Nara,YamatokoriyamaYamatokoriyama,"90,223",42.68,"2,114",01-01-1954
Nara,Tenri,"70,702",86.37,819,01-04-1954
Nara,Kashihara,"1,24,679",39.52,"3,155",11-02-1956
Nara,Sakurai,"60,699",98.92,614,01-09-1956
Nara,GojoGojo,"36,002",292.05,123,15-10-1957
Nara,Gose,"31,160",60.58,514,31-03-1958
Nara,Ikoma,"1,15,359",53.18,"2,169",01-11-1971
Nara,Kashiba,"72,967",24.23,"3,011",01-10-1991
Nara,Katsuragi,"35,194",33.73,"1,043",01-10-2004
Nara,Uda,"35,895",247.62,145,01-01-2006
Niigata,Niigata,"8,13,053",726.1,"1,120",1889-04-01
Niigata,Nagaoka,"2,81,222",840.88,334,01-04-1906
Niigata,Kashiwazaki,"93,506",442.7,211,01-07-1940
Niigata,Shibata,"1,03,490",532.82,194,01-01-1947
Niigata,Ojiya,"39,304",155.12,253,10-03-1954
Niigata,Kamo,"30,800",133.68,230,10-03-1954
Niigata,Mitsuke,"42,139",77.96,541,31-03-1954
Niigata,Murakami,"30,197",142.12,212,31-03-1954
Niigata,MyokoMyoko,"36,837",445.52,82.7,01-11-1954
Niigata,JoetsuJoetsu,"2,06,175",973.32,212,29-04-1971
Niigata,Sado,"65,037",855.26,76,01-03-2004
Niigata,Agano,"46,158",192.72,240,01-04-2004
Niigata,Uonuma,"42,334",946.93,44.7,01-11-2004
Niigata,Minamiuonuma,"62,518",584.82,107,01-11-2004
Niigata,Itoigawa,"48,653",746.24,65.2,19-03-2005
Niigata,TokamachiTokamachi,"60,480",589.92,103,01-04-2005
Niigata,SanjoSanjo,"1,03,199",432.01,239,01-05-2005
Niigata,Tainai,"32,165",265.18,121,01-09-2005
Niigata,Gosen,"55,936",351.87,159,01-01-2006
Niigata,Tsubame,"82,910",110.88,748,20-03-2006
Oita,OitaOita,"4,67,267",501.25,932,01-04-1911
Oita,Beppu,"1,27,345",125.15,"1,018",01-04-1924
Oita,Nakatsu,"84,179",491.09,171,20-04-1929
Oita,Hita,"72,601",666.19,109,11-12-1940
Oita,Saiki,"78,675",903.44,87.1,29-04-1941
Oita,Usuki,"42,464",291.07,146,01-04-1950
Oita,Tsukumi,"20,561",79.53,259,01-04-1951
Oita,Taketa,"25,449",477.59,53.3,31-03-1954
Oita,Bungotakada,"24,484",206.64,118,31-05-1954
Oita,Usa,"59,971",439.12,137,01-04-1967
Oita,Bungo-onoBungo-ono,"40,409",603.36,67,31-03-2005
Oita,Kitsuki,"33,465",280.01,120,01-10-2005
Oita,Yufu,"35,298",319.16,111,01-10-2005
Oita,Kunisaki,"33,473",317.81,105,31-03-2006
Okayama,Okayama,"7,01,293",789.91,887,1889-06-01
Okayama,Kurashiki,"4,72,452",354.71,"1,332",01-04-1928
Okayama,Tsuyama,"1,09,493",506.36,216,11-02-1929
Okayama,Tamano,"65,723",103.63,634,03-08-1940
Okayama,Kasaoka,"55,987",136.03,412,01-04-1952
Okayama,Ibara,"44,423",243.36,183,01-04-1953
Okayama,SojaSoja,"66,789",212,315,31-03-1954
Okayama,Takahashi,"37,573",547.01,68.7,01-05-1954
Okayama,Niimi,"35,022",793.27,44.1,01-06-1954
Okayama,Bizen,"39,117",258.23,151,01-04-1971
Okayama,Setouchi,"38,645",125.53,308,01-11-2004
Okayama,Akaiwa,"43,742",209.43,209,07-03-2005
Okayama,Maniwa,"50,405",828.43,60.8,31-03-2005
Okayama,Mimasaka,"31,550",429.19,73.5,31-03-2005
Okayama,Asakuchi,"37,108",66.46,558,21-03-2006
Okinawa,Naha,"3,14,162",39.23,"7,963",20-05-1921
Okinawa,Ishigaki,"46,489",229,195,10-07-1947
Okinawa,Ginowan,"91,233",19.7,"4,569",01-07-1962
Okinawa,Urasoe,"1,08,052",19.09,"5,516",01-07-1970
Okinawa,Nago,"60,598",210.3,278,01-08-1970
Okinawa,Itoman,"56,171",46.63,"1,200",01-12-1971
Okinawa,Okinawa,"1,28,421",49,"2,565",01-04-1974
Okinawa,Tomigusuku,"54,586",19.45,"2,751",01-04-2002
Okinawa,Uruma,"1,14,087",86.03,"1,313",01-04-2005
Okinawa,Miyakojima,"52,777",204.54,275,01-10-2005
Okinawa,NanjoNanjo,"39,458",49.7,819,01-01-2006
Osaka,Osaka,"26,45,305",222.3,"11,900",1889-04-01
Osaka,"Sakai, Osaka","8,35,333",149.99,"5,569",1889-04-01
Osaka,Kishiwada,"2,00,538",72.24,"2,776",01-11-1922
Osaka,Toyonaka,"3,87,269",36.38,"10,645",15-10-1936
Osaka,Ikeda,"1,04,426",22.09,"4,727",29-04-1939
Osaka,Suita,"3,54,600",36.11,"9,820",01-04-1940
Osaka,IzumiotsuIzumiotsu,"78,014",12.8,"6,095",01-04-1942
Osaka,Takatsuki,"3,54,228",105.31,"3,364",01-01-1943
Osaka,Kaizuka,"90,447",43.99,"2,056",01-05-1943
Osaka,Moriguchi,"1,46,294",12.73,"11,492",01-11-1946
Osaka,Hirakata,"4,06,201",65.08,"6,242",01-08-1947
Osaka,Ibaraki,"2,72,240",76.52,"3,558",01-01-1948
Osaka,Yao,"2,73,244",41.71,"6,551",01-04-1948
Osaka,Izumisano,"99,636",55.03,"1,811",01-04-1948
Osaka,Tondabayashi,"1,22,205",39.66,"3,081",01-04-1950
Osaka,Neyagawa,"2,39,029",24.73,"9,666",03-05-1951
Osaka,Kawachinagano,"1,14,428",109.61,"1,044",01-04-1954
Osaka,Matsubara,"1,25,274",16.66,"7,519",01-02-1955
Osaka,DaitoDaito,"1,25,847",18.27,"6,888",01-04-1956
Osaka,"Izumi, Osaka","1,79,352",84.98,"2,110",01-09-1956
Osaka,"Minoh, Osaka","1,27,757",47.84,"2,671",01-12-1956
Osaka,Kashiwara,"75,875",25.39,"2,988",01-10-1958
Osaka,Habikino,"1,18,281",26.44,"4,474",15-01-1959
Osaka,Kadoma,"1,30,026",12.28,"10,588",01-08-1963
Osaka,Settsu,"84,330",14.88,"5,667",01-11-1966
Osaka,Takaishi,"60,077",11.35,"5,293",01-11-1966
Osaka,Fujiidera,"65,892",8.89,"7,412",01-11-1966
Osaka,HigashiosakaHigashiosaka,"5,09,157",61.81,"8,237",01-02-1967
Osaka,Sennan,"64,916",48.48,"1,339",01-07-1970
Osaka,ShijonawateShijonawate,"57,239",18.74,"3,054",01-07-1970
Osaka,Katano,"77,853",25.55,"3,047",03-11-1971
Osaka,OsakasayamaOsakasayama,"58,661",11.86,"4,946",01-10-1987
Osaka,Hannan,"56,853",36.1,"1,575",01-10-1991
Saga,Tosu,"66,842",71.73,932,01-04-1954
Saga,Imari,"57,604",254.99,226,01-04-1954
Saga,"Kashima, Saga","31,326",112.1,279,01-04-1954
Saga,Taku,"22,165",96.93,229,01-05-1954
Saga,Karatsu,"1,29,194",487.45,265,01-01-2005
Saga,Ogi,"45,516",95.85,475,01-03-2005
Saga,Saga,"2,39,932",431.42,556,01-10-2005
Saga,Ureshino,"29,644",126.51,234,01-01-2006
Saga,Takeo,"50,788",195.44,260,01-03-2006
Saga,Kanzaki,"33,449",125.01,268,20-03-2006
Saitama,Kawagoe,"3,35,693",109.16,"3,075",01-12-1922
Saitama,Kawaguchi,"5,52,883",61.97,"8,922",01-04-1933
Saitama,GyodaGyoda,"87,462",67.37,"1,298",03-05-1949
Saitama,Chichibu,"69,139",577.69,120,01-04-1950
Saitama,Tokorozawa,"3,38,560",71.99,"4,703",03-11-1950
Saitama,HannoHanno,"84,053",193.16,435,01-01-1954
Saitama,Kazo,"67,862",59.4,"1,142",03-05-1954
Saitama,Higashimatsuyama,"90,840",65.33,"1,390",01-07-1954
Saitama,Sayama,"1,56,634",49.04,"3,194",01-07-1954
Saitama,HanyuHanyu,"56,820",58.55,970,01-09-1954
Saitama,KonosuKonosu,"1,19,768",67.49,"1,775",30-09-1954
Saitama,Ageo,"2,22,479",45.55,"4,884",15-07-1958
Saitama,SokaSoka,"2,37,964",27.42,"8,678",01-11-1958
Saitama,Koshigaya,"3,18,592",60.31,"5,283",03-11-1958
Saitama,Warabi,"70,410",5.1,"13,806",01-04-1959
Saitama,Toda,"1,18,591",18.17,"6,527",01-10-1966
Saitama,Iruma,"1,48,203",44.74,"3,313",01-11-1966
Saitama,Asaka,"1,26,902",18.38,"6,904",15-03-1967
Saitama,Shiki,"68,531",9.06,"7,564",26-10-1970
Saitama,WakoWako,"78,575",11.04,"7,117",31-10-1970
Saitama,Niiza,"1,55,926",22.8,"6,839",01-11-1970
Saitama,Okegawa,"74,703",25.26,"2,957",03-11-1970
Saitama,Kuki,"71,667",25.35,"2,827",01-10-1971
Saitama,Kitamoto,"69,903",19.84,"3,523",03-11-1971
Saitama,Yashio,"78,601",18.03,"4,359",15-01-1972
Saitama,Fujimi,"1,05,286",19.7,"5,344",10-04-1972
Saitama,Misato,"1,28,956",30.16,"4,276",03-05-1972
Saitama,Hasuda,"63,375",27.27,"2,324",01-10-1972
Saitama,Sakado,"99,680",40.97,"2,433",01-09-1976
Saitama,Satte,"53,485",33.95,"1,575",01-10-1986
Saitama,Tsurugashima,"70,131",17.73,"3,955",01-09-1991
Saitama,Hidaka,"55,454",47.5,"1,167",01-10-1991
Saitama,Yoshikawa,"63,050",31.62,"1,994",01-04-1996
Saitama,Saitama,"11,92,418",217.49,"5,483",01-05-2001
Saitama,Kumagaya,"2,04,853",159.88,"1,281",01-10-2005
Saitama,Kasukabe,"2,36,854",65.98,"3,590",01-10-2005
Saitama,Fujimino,"1,03,724",14.67,"7,070",01-10-2005
Saitama,Fukaya,"1,46,128",137.58,"1,062",01-01-2006
Saitama,HonjoHonjo,"81,805",89.71,912,10-01-2006
Shiga,OtsuOtsu,"3,29,024",464.1,709,1898-10-01
Shiga,Hikone,"1,10,945",196.84,564,11-02-1937
Shiga,OmihachimanOmihachiman,"69,116",153.09,451,31-03-1954
Shiga,Kusatsu,"1,23,512",67.92,"1,818",15-10-1954
Shiga,Moriyama,"74,263",54.81,"1,355",01-07-1970
Shiga,RittoRitto,"62,353",52.75,"1,182",01-10-2001
Shiga,KokaKoka,"94,007",481.69,195,01-10-2004
Shiga,Yasu,"49,821",81.07,615,01-10-2004
Shiga,"Konan, Shiga","55,144",70.49,782,01-10-2004
Shiga,Takashima,"52,967",693,76.4,01-01-2005
Shiga,HigashiomiHigashiomi,"1,17,487",388.58,302,11-02-2005
Shiga,Maibara,"40,757",250.46,163,14-02-2005
Shiga,Nagahama,"83,555",247.01,338,13-02-2006
Shimane,Matsue,"1,95,875",530.27,369,1889-04-01
Shimane,Izumo,"1,46,115",543.48,269,03-11-1941
Shimane,Masuda,"50,980",733.16,69.5,01-08-1952
Shimane,Yasugi,"42,997",420.97,102,01-04-1954
Shimane,GotsuGotsu,"26,958",268.51,100,01-04-1954
Shimane,Unnan,"43,269",553.37,78.2,01-11-2004
Shimane,Hamada,"61,325",689.6,88.9,01-10-2005
Shimane,OdaOda,"39,593",436.11,90.8,01-10-2005
Shizuoka,Shizuoka,"7,10,944","1,388.78",512,1889-04-01
Shizuoka,Hamamatsu,"8,11,431","1,511.17",537,01-07-1911
Shizuoka,Numazu,"2,06,818",187.11,"1,105",01-07-1923
Shizuoka,Atami,"40,524",61.56,658,10-04-1937
Shizuoka,Mishima,"1,12,320",62.13,"1,808",29-04-1941
Shizuoka,Fujinomiya,"1,22,122",314.81,388,01-06-1942
Shizuoka,ItoIto,"72,038",124.13,580,10-08-1947
Shizuoka,Shimada,"95,762",195.4,490,01-01-1948
Shizuoka,Iwata,"1,72,583",164.08,"1,052",01-04-1948
Shizuoka,Yaizu,"1,20,331",46.01,"2,615",01-03-1951
Shizuoka,Kakegawa,"1,18,660",265.63,447,31-03-1954
Shizuoka,Fujieda,"1,29,637",140.74,921,31-03-1954
Shizuoka,Gotenba,"88,078",194.63,453,11-02-1955
Shizuoka,Fukuroi,"85,163",108.56,784,03-11-1958
Shizuoka,Fuji,"2,37,279",214.1,"1,108",01-11-1966
Shizuoka,Shimoda,"25,784",104.7,246,01-01-1971
Shizuoka,Susono,"53,740",138.39,388,01-01-1971
Shizuoka,Kosai,"44,545",55.08,809,01-01-1972
Shizuoka,Izu,"35,911",363.97,98.7,01-04-2004
Shizuoka,Omaezaki,"35,015",65.85,532,01-04-2004
Shizuoka,Kikugawa,"47,702",94.24,506,17-01-2005
Shizuoka,Izunokuni,"49,711",94.71,525,01-04-2005
Shizuoka,Makinohara,"49,726",111.5,446,11-10-2005
Tochigi,Utsunomiya,"5,07,833",416.84,"1,218",1896-04-01
Tochigi,Ashikaga,"1,57,793",177.82,887,01-01-1921
Tochigi,Tochigi,"81,601",122.06,669,01-04-1937
Tochigi,Kanuma,"1,03,690",490.62,211,10-10-1948
Tochigi,Oyama,"1,62,283",171.61,946,31-03-1954
Tochigi,Mooka,"66,705",111.76,597,01-10-1954
Tochigi,OtawaraOtawara,"78,563",354.12,222,01-12-1954
Tochigi,Yaita,"35,462",170.66,208,01-11-1958
Tochigi,Nasushiobara,"1,15,633",592.82,195,01-01-2005
Tochigi,Sano,"1,23,034",356.07,346,28-02-2005
Tochigi,"Sakura, Tochigi","42,403",125.46,338,28-03-2005
Tochigi,Nasukarasuyama,"30,433",174.42,174,01-10-2005
Tochigi,Shimotsuke,"59,459",74.58,797,10-01-2006
Tochigi,NikkoNikko,"92,181","1,449.87",63.6,20-03-2006
Tokushima,Tokushima,"2,66,370",191.39,"1,392",1889-10-01
Tokushima,Naruto,"62,453",135.46,461,15-03-1947
Tokushima,Komatsushima,"41,540",45.24,918,01-06-1951
Tokushima,Anan,"77,099",279.39,276,01-05-1958
Tokushima,Yoshinogawa,"44,905",144.19,311,01-10-2004
Tokushima,Mima,"33,520",367.38,91.2,01-03-2005
Tokushima,Awa,"40,303",190.97,211,01-04-2005
Tokushima,"Miyoshi, Tokushima","32,329",721.48,44.8,01-03-2006
Tokyo,HachiojiHachioji,"5,67,367",186.31,"3,045",01-09-1917
Tokyo,Tachikawa,"1,75,639",24.38,"7,204",01-12-1940
Tokyo,Musashino,"1,38,516",10.73,"12,909",03-11-1947
Tokyo,Mitaka,"1,80,797",16.5,"10,957",03-11-1950
Tokyo,OmeOme,"1,41,708",103.26,"1,372",01-04-1951
Tokyo,"FuchuFuchu, Tokyo","2,48,445",29.34,"8,468",01-04-1954
Tokyo,Akishima,"1,11,763",17.33,"6,449",01-05-1954
Tokyo,ChofuChofu,"2,19,053",21.53,"10,174",01-04-1955
Tokyo,Machida,"4,13,786",71.63,"5,777",01-02-1958
Tokyo,Koganei,"1,15,116",11.33,"10,160",01-10-1958
Tokyo,Kodaira,"1,85,829",20.46,"9,083",01-10-1962
Tokyo,Hino,"1,79,482",27.53,"6,520",03-11-1963
Tokyo,Higashimurayama,"1,46,585",17.17,"8,537",01-04-1964
Tokyo,Kokubunji,"1,18,801",11.48,"10,349",03-11-1964
Tokyo,Kunitachi,"73,362",8.15,"9,001",01-01-1967
Tokyo,Fussa,"60,413",10.24,"5,900",01-07-1970
Tokyo,Komae,"78,237",6.39,"12,244",01-10-1970
Tokyo,Higashiyamato,"81,445",13.54,"6,015",01-10-1970
Tokyo,Kiyose,"73,518",10.19,"7,215",01-10-1970
Tokyo,Higashikurume,"1,15,405",12.92,"8,932",01-10-1970
Tokyo,Musashimurayama,"68,333",15.37,"4,446",03-11-1970
Tokyo,Tama,"1,49,404",21.08,"7,087",01-11-1971
Tokyo,Inagi,"80,772",17.97,"4,495",01-11-1971
Tokyo,Hamura,"56,984",9.91,"5,750",01-11-1991
Tokyo,Akiruno,"80,268",73.34,"1,094",01-09-1995
Tokyo,NishitokyoNishitokyo,"1,93,350",15.85,"12,199",21-01-2001
Tottori,Tottori,"2,00,315",765.66,262,1889-10-01
Tottori,Yonago,"1,49,140",132.21,"1,128",01-04-1927
Tottori,Kurayoshi,"51,453",272.15,189,01-10-1953
Tottori,Sakaiminato,"35,908",28.79,"1,247",01-04-1956
Toyama,Toyama,"4,21,116","1,241.85",339,1889-04-01
Toyama,Uozu,"45,945",200.63,229,01-04-1952
Toyama,Himi,"53,316",230.47,231,01-08-1952
Toyama,Namerikawa,"33,789",54.61,619,01-03-1954
Toyama,Tonami,"49,396",126.96,389,01-04-1954
Toyama,Oyabe,"32,656",134.11,244,01-08-1962
Toyama,Nanto,"57,061",668.86,85.3,01-11-2004
Toyama,Takaoka,"1,78,965",209.38,855,01-11-2005
Toyama,Imizu,"94,691",109.18,867,01-11-2005
Toyama,Kurobe,"42,612",426.34,99.9,31-03-2006
Wakayama,Wakayama,"3,72,175",209.23,"1,779",1889-04-01
Wakayama,Kainan,"55,877",101.18,552,01-05-1934
Wakayama,Tanabe,"80,478","1,026.77",78.4,20-05-1942
Wakayama,GoboGobo,"26,335",43.93,599,01-04-1954
Wakayama,Arida,"31,194",36.92,845,01-05-1956
Wakayama,ShinguShingu,"32,654",255.43,128,01-10-2005
Wakayama,Kinokawa,"67,192",228.24,294,07-11-2005
Wakayama,Hashimoto,"67,505",130.31,518,01-03-2006
Wakayama,Iwade,"51,843",38.5,"1,347",01-04-2006
Yamagata,"Yamagata, Yamagata","2,55,370",381.34,670,1889-04-01
Yamagata,Yonezawa,"91,704",548.74,167,1889-04-01
Yamagata,ShinjoShinjo,"39,808",223.08,178,01-04-1949
Yamagata,Sagae,"43,299",139.08,311,01-08-1954
Yamagata,Kaminoyama,"35,086",240.95,146,01-10-1954
Yamagata,Murayama,"27,586",196.83,140,01-11-1954
Yamagata,Nagai,"30,285",214.69,141,15-11-1954
Yamagata,TendoTendo,"63,470",113.01,562,01-10-1958
Yamagata,Higashine,"46,141",207.17,223,03-11-1958
Yamagata,Obanazawa,"19,937",372.32,53.5,10-04-1959
Yamagata,Nan'yoNan'yo,"34,542",160.7,215,01-04-1967
Yamagata,Tsuruoka,"1,40,097","1,311.51",107,01-10-2005
Yamagata,Sakata,"1,14,964",602.79,191,01-11-2005
Yamaguchi,Ube,"1,76,370",287.69,613,01-11-1921
Yamaguchi,HofuHofu,"1,16,393",188.59,617,25-08-1936
Yamaguchi,Kudamatsu,"54,026",89.36,605,03-11-1939
Yamaguchi,Mine,"17,355",228.25,76,31-03-1954
Yamaguchi,ShunanShunan,"1,50,299",656.25,229,21-04-2003
Yamaguchi,Hikari,"53,274",91.94,579,04-10-2004
Yamaguchi,Shimonoseki,"2,86,073",716.06,400,13-02-2005
Yamaguchi,Yanai,"35,438",139.9,253,21-02-2005
Yamaguchi,Hagi,"55,831",698.87,79.9,06-03-2005
Yamaguchi,Nagato,"39,825",357.92,111,22-03-2005
Yamaguchi,San'yo-OnodaSan'yo-Onoda,"65,523",132.99,493,22-03-2005
Yamaguchi,Yamaguchi,"1,92,008",730.23,263,01-10-2005
Yamaguchi,Iwakuni,"1,46,885",872.71,168,20-03-2006
Yamanashi,KofuKofu,"1,99,374",212.41,939,1889-07-01
Yamanashi,Fujiyoshida,"51,879",121.83,426,20-03-1951
Yamanashi,Tsuru,"34,439",161.58,213,29-04-1954
Yamanashi,OtsukiOtsuki,"29,869",280.3,107,08-08-1954
Yamanashi,Nirasaki,"33,539",143.73,233,10-10-1954
Yamanashi,Minami-Alps,"72,295",264.06,274,01-04-2003
Yamanashi,Kai,"74,077",71.94,"1,030",01-09-2004
Yamanashi,Fuefuki,"71,184",201.92,353,12-10-2004
Yamanashi,"Hokuto, Yamanashi","47,754",602.89,79.2,01-11-2004
Yamanashi,Uenohara,"28,295",170.65,166,13-02-2005
Yamanashi,Yamanashi,"38,202",289.87,132,22-03-2005
Yamanashi,KoshuKoshu,"35,072",264.01,133,01-11-2005
Yamanashi,ChuoChuo,"31,875",31.81,"1,002",20-02-2006
,,,,,
For more other formats visit www.downloadexcelfiles.com,,,,,
